[{
    "pk": 1,
    "model": "contenttypes.contenttype",
    "fields": {
        "model": "permission",
        "name": "permission",
        "app_label": "auth"
    }
}, {
    "pk": 2,
    "model": "contenttypes.contenttype",
    "fields": {
        "model": "group",
        "name": "group",
        "app_label": "auth"
    }
}, {
    "pk": 3,
    "model": "contenttypes.contenttype",
    "fields": {
        "model": "user",
        "name": "user",
        "app_label": "auth"
    }
}, {
    "pk": 4,
    "model": "contenttypes.contenttype",
    "fields": {
        "model": "contenttype",
        "name": "content type",
        "app_label": "contenttypes"
    }
}, {
    "pk": 5,
    "model": "contenttypes.contenttype",
    "fields": {
        "model": "session",
        "name": "session",
        "app_label": "sessions"
    }
}, {
    "pk": 6,
    "model": "contenttypes.contenttype",
    "fields": {
        "model": "site",
        "name": "site",
        "app_label": "sites"
    }
}, {
    "pk": 7,
    "model": "contenttypes.contenttype",
    "fields": {
        "model": "band",
        "name": "band",
        "app_label": "festival"
    }
}, {
    "pk": 8,
    "model": "contenttypes.contenttype",
    "fields": {
        "model": "bandlinks",
        "name": "band links",
        "app_label": "festival"
    }
}, {
    "pk": 9,
    "model": "contenttypes.contenttype",
    "fields": {
        "model": "year",
        "name": "year",
        "app_label": "festival"
    }
}, {
    "pk": 10,
    "model": "contenttypes.contenttype",
    "fields": {
        "model": "bandyear",
        "name": "band year",
        "app_label": "festival"
    }
}, {
    "pk": 11,
    "model": "contenttypes.contenttype",
    "fields": {
        "model": "category",
        "name": "category",
        "app_label": "gallery"
    }
}, {
    "pk": 12,
    "model": "contenttypes.contenttype",
    "fields": {
        "model": "image",
        "name": "image",
        "app_label": "gallery"
    }
}, {
    "pk": 13,
    "model": "contenttypes.contenttype",
    "fields": {
        "model": "sponsor",
        "name": "sponsor",
        "app_label": "sponsors"
    }
}, {
    "pk": 14,
    "model": "contenttypes.contenttype",
    "fields": {
        "model": "category",
        "name": "category",
        "app_label": "sponsors"
    }
}, {
    "pk": 15,
    "model": "contenttypes.contenttype",
    "fields": {
        "model": "sponsorcategoryyear",
        "name": "sponsor category year",
        "app_label": "sponsors"
    }
}, {
    "pk": 16,
    "model": "contenttypes.contenttype",
    "fields": {
        "model": "logentry",
        "name": "log entry",
        "app_label": "admin"
    }
}, {
    "pk": 17,
    "model": "contenttypes.contenttype",
    "fields": {
        "model": "news",
        "name": "news",
        "app_label": "news"
    }
}, {
    "pk": 18,
    "model": "contenttypes.contenttype",
    "fields": {
        "model": "mood",
        "name": "mood",
        "app_label": "mood"
    }
}, {
    "pk": 1,
    "model": "sites.site",
    "fields": {
        "domain": "http://127.0.0.1:8000/",
        "name": "http://127.0.0.1:8000/"
    }
}, {
    "pk": 1,
    "model": "festival.band",
    "fields": {
        "genre": "Indie/Rock/Soul",
        "image": "bands/250_1.jpg",
        "name": "Fatboy",
        "slug": "fatboy",
        "description": "Fatboy Fatboy Fatboy Fatboy Fatboy Fatboy Fatboy Fatboy Fatboy Fatboy Fatboy Fatboy Fatboy Fatboy Fatboy Fatboy Fatboy Fatboy Fatboy Fatboy Fatboy Fatboy Fatboy Fatboy Fatboy Fatboy Fatboy Fatboy Fatboy Fatboy Fatboy Fatboy Fatboy Fatboy Fatboy Fatboy Fatboy Fatboy Fatboy Fatboy Fatboy Fatboy Fatboy Fatboy Fatboy Fatboy Fatboy Fatboy Fatboy Fatboy Fatboy Fatboy Fatboy Fatboy Fatboy Fatboy Fatboy Fatboy Fatboy Fatboy Fatboy Fatboy Fatboy Fatboy Fatboy Fatboy Fatboy Fatboy Fatboy Fatboy Fatboy Fatboy Fatboy Fatboy Fatboy Fatboy Fatboy Fatboy Fatboy Fatboy Fatboy Fatboy Fatboy Fatboy Fatboy Fatboy Fatboy Fatboy Fatboy Fatboy Fatboy Fatboy Fatboy Fatboy Fatboy Fatboy "
    }
}, {
    "pk": 2,
    "model": "festival.band",
    "fields": {
        "genre": "Alternative/Indie/Live-Elektronic",
        "image": "bands/Coldeve.jpg",
        "name": "Coldeve",
        "slug": "coldeve",
        "description": ""
    }
}, {
    "pk": 3,
    "model": "festival.band",
    "fields": {
        "genre": "Indie/Rock/Soul",
        "image": "bands/Alvin_Zealot.png",
        "name": "Alvin Zealot",
        "slug": "alvinzealot",
        "description": ""
    }
}, {
    "pk": 4,
    "model": "festival.band",
    "fields": {
        "genre": "Elektro/Pop/Techno",
        "image": "bands/Jeans_Team.jpg",
        "name": "Jeans Team",
        "slug": "jeansteam",
        "description": ""
    }
}, {
    "pk": 5,
    "model": "festival.band",
    "fields": {
        "genre": "Sph\u00e4rischer PopGarage",
        "image": "bands/Lo_Fat_Orchestra.jpg",
        "name": "Lo Fat Orchestra",
        "slug": "lofatorchestra",
        "description": ""
    }
}, {
    "pk": 6,
    "model": "festival.band",
    "fields": {
        "genre": "Mundartrock/Funk/Hip-Hop",
        "image": "bands/Dabu_Fantastic.jpg",
        "name": "Dabu Fantastic",
        "slug": "dabufantastic",
        "description": ""
    }
}, {
    "pk": 1,
    "model": "festival.bandlinks",
    "fields": {
        "type": "WS",
        "link": "http://www.fatboy.ch/",
        "band": 1
    }
}, {
    "pk": 2,
    "model": "festival.bandlinks",
    "fields": {
        "type": "WS",
        "link": "http://www.coldeve.ch/",
        "band": 2
    }
}, {
    "pk": 3,
    "model": "festival.bandlinks",
    "fields": {
        "type": "WS",
        "link": "http://www.az.ch/",
        "band": 3
    }
}, {
    "pk": 4,
    "model": "festival.bandlinks",
    "fields": {
        "type": "WS",
        "link": "http://www.jeansteam.ch/",
        "band": 4
    }
}, {
    "pk": 5,
    "model": "festival.bandlinks",
    "fields": {
        "type": "WS",
        "link": "http://www.lfo.ch/",
        "band": 5
    }
}, {
    "pk": 6,
    "model": "festival.bandlinks",
    "fields": {
        "type": "WS",
        "link": "http://www.dabu.ch/",
        "band": 6
    }
}, {
    "pk": 1,
    "model": "festival.year",
    "fields": {
        "logo": "years/Logo.jpg",
        "start": "2013-02-06",
        "end": "2013-02-06",
        "year": 2013
    }
}, {
    "pk": 2,
    "model": "festival.year",
    "fields": {
        "logo": "years/2012.jpg",
        "start": "2013-02-18",
        "end": "2013-02-18",
        "year": 2012
    }
}, {
    "pk": 3,
    "model": "festival.year",
    "fields": {
        "logo": "years/2011.png",
        "start": "2013-02-18",
        "end": "2013-02-18",
        "year": 2011
    }
}, {
    "pk": 4,
    "model": "festival.year",
    "fields": {
        "logo": "years/2010.jpg",
        "start": "2013-02-18",
        "end": "2013-02-18",
        "year": 2010
    }
}, {
    "pk": 5,
    "model": "festival.year",
    "fields": {
        "logo": "years/2009.jpg",
        "start": "2013-02-18",
        "end": "2013-02-18",
        "year": 2009
    }
}, {
    "pk": 6,
    "model": "festival.year",
    "fields": {
        "logo": "",
        "start": "2013-02-19",
        "end": "2013-02-19",
        "year": 2008
    }
}, {
    "pk": 7,
    "model": "festival.year",
    "fields": {
        "logo": "",
        "start": "2013-02-19",
        "end": "2013-02-19",
        "year": 2007
    }
}, {
    "pk": 8,
    "model": "festival.year",
    "fields": {
        "logo": "",
        "start": "2013-03-06",
        "end": "2013-03-06",
        "year": 2006
    }
}, {
    "pk": 9,
    "model": "festival.year",
    "fields": {
        "logo": "",
        "start": "2013-03-08",
        "end": "2013-03-08",
        "year": 2005
    }
}, {
    "pk": 1,
    "model": "festival.bandyear",
    "fields": {
        "band": 1,
        "time": "2013-02-21T11:17:55Z",
        "year": 1,
        "stage": "HB"
    }
}, {
    "pk": 2,
    "model": "festival.bandyear",
    "fields": {
        "band": 2,
        "time": "2013-02-14T13:19:01Z",
        "year": 1,
        "stage": "HB"
    }
}, {
    "pk": 3,
    "model": "festival.bandyear",
    "fields": {
        "band": 3,
        "time": "2012-02-14T15:31:38Z",
        "year": 2,
        "stage": "HB"
    }
}, {
    "pk": 4,
    "model": "festival.bandyear",
    "fields": {
        "band": 4,
        "time": "2013-02-14T13:32:25Z",
        "year": 1,
        "stage": "ZB"
    }
}, {
    "pk": 5,
    "model": "festival.bandyear",
    "fields": {
        "band": 5,
        "time": "2013-02-21T14:52:13Z",
        "year": 1,
        "stage": "ZB"
    }
}, {
    "pk": 6,
    "model": "festival.bandyear",
    "fields": {
        "band": 6,
        "time": "2013-02-14T14:53:41Z",
        "year": 1,
        "stage": "HB"
    }
}, {
    "pk": 1,
    "model": "gallery.category",
    "fields": {
        "name": "Bands",
        "description": ""
    }
}, {
    "pk": 1,
    "model": "gallery.image",
    "fields": {
        "name": "fdsasfsdf",
        "is_yearcover": false,
        "image": "gallery/coldeve2.jpg",
        "band": 2,
        "year": 1,
        "date": "2013-02-14T18:16:31Z",
        "categories": [1],
        "description": ""
    }
}, {
    "pk": 2,
    "model": "gallery.image",
    "fields": {
        "name": "sgdfsdfsfds",
        "is_yearcover": false,
        "image": "gallery/stolze-wiese-2012.jpg",
        "band": 3,
        "year": 1,
        "date": "2013-02-15T10:31:06Z",
        "categories": [1],
        "description": ""
    }
}, {
    "pk": 3,
    "model": "gallery.image",
    "fields": {
        "name": "gfdsdfg",
        "is_yearcover": false,
        "image": "gallery/images.jpg",
        "band": null,
        "year": 2,
        "date": "2013-02-15T10:50:19Z",
        "categories": [1],
        "description": ""
    }
}, {
    "pk": 4,
    "model": "gallery.image",
    "fields": {
        "name": "sfdg",
        "is_yearcover": false,
        "image": "gallery/ongatu-henrici-2012-09-11-ongatu-0-1113212906.jpg",
        "band": null,
        "year": 6,
        "date": "2013-02-15T10:50:31Z",
        "categories": [],
        "description": ""
    }
}, {
    "pk": 5,
    "model": "gallery.image",
    "fields": {
        "name": "sdgfsdg",
        "is_yearcover": false,
        "image": "gallery/5835856593_45dbd53c5d.jpg",
        "band": null,
        "year": 9,
        "date": "2013-02-15T10:50:43Z",
        "categories": [1],
        "description": ""
    }
}, {
    "pk": 6,
    "model": "gallery.image",
    "fields": {
        "name": "asdfsadf",
        "is_yearcover": false,
        "image": "gallery/je1170370002.jpg",
        "band": null,
        "year": 5,
        "date": "2013-02-15T10:51:16Z",
        "categories": [],
        "description": ""
    }
}, {
    "pk": 8,
    "model": "gallery.image",
    "fields": {
        "name": "asfdsf",
        "is_yearcover": true,
        "image": "gallery/5835856593_45dbd53c5d_1.jpg",
        "band": null,
        "year": 8,
        "date": "2013-02-15T10:52:04Z",
        "categories": [],
        "description": ""
    }
}, {
    "pk": 9,
    "model": "gallery.image",
    "fields": {
        "name": "YearCover 2012",
        "is_yearcover": true,
        "image": "gallery/2012_2.jpg",
        "band": null,
        "year": 2,
        "date": "2013-03-06T10:28:06Z",
        "categories": [],
        "description": ""
    }
}, {
    "pk": 10,
    "model": "gallery.image",
    "fields": {
        "name": "YearCover 2011",
        "is_yearcover": true,
        "image": "gallery/2011_1.png",
        "band": null,
        "year": 3,
        "date": "2013-03-06T10:28:36Z",
        "categories": [],
        "description": ""
    }
}, {
    "pk": 11,
    "model": "gallery.image",
    "fields": {
        "name": "YearCover 2010",
        "is_yearcover": true,
        "image": "gallery/2010_2.jpg",
        "band": null,
        "year": 4,
        "date": "2013-03-06T10:28:58Z",
        "categories": [],
        "description": ""
    }
}, {
    "pk": 12,
    "model": "gallery.image",
    "fields": {
        "name": "YearCover 2009",
        "is_yearcover": true,
        "image": "gallery/2009_1.jpg",
        "band": null,
        "year": 5,
        "date": "2013-03-06T10:29:22Z",
        "categories": [],
        "description": ""
    }
}, {
    "pk": 13,
    "model": "gallery.image",
    "fields": {
        "name": "YearCover 2008",
        "is_yearcover": true,
        "image": "gallery/2008_1.jpg",
        "band": null,
        "year": 6,
        "date": "2013-03-06T10:29:41Z",
        "categories": [],
        "description": ""
    }
}, {
    "pk": 14,
    "model": "gallery.image",
    "fields": {
        "name": "YearCover 2007",
        "is_yearcover": true,
        "image": "gallery/2007_2.jpg",
        "band": null,
        "year": 7,
        "date": "2013-03-06T10:29:58Z",
        "categories": [],
        "description": ""
    }
}, {
    "pk": 1,
    "model": "sponsors.sponsor",
    "fields": {
        "logo": "sponsors/Stadt_Z\u00fcrich.JPG",
        "link": "http://www.stadt-zuerich.ch/sd/de/index.html",
        "name": "Stadt Z\u00fcrich"
    }
}, {
    "pk": 2,
    "model": "sponsors.sponsor",
    "fields": {
        "logo": "sponsors/feinheit.jpg",
        "link": "http://www.feinheit.ch/",
        "name": "FEINHEIT"
    }
}, {
    "pk": 3,
    "model": "sponsors.sponsor",
    "fields": {
        "logo": "sponsors/mascotte.jpg",
        "link": "http://www.mascotte.ch/",
        "name": "Mascotte"
    }
}, {
    "pk": 4,
    "model": "sponsors.sponsor",
    "fields": {
        "logo": "sponsors/qv_oberstrass.jpg",
        "link": "http://www.qvo.ch/",
        "name": "Quartierverein Oberstrass"
    }
}, {
    "pk": 5,
    "model": "sponsors.sponsor",
    "fields": {
        "logo": "sponsors/riffraff.jpg",
        "link": "http://www.riffraff.ch/",
        "name": "RIFFRAFF"
    }
}, {
    "pk": 7,
    "model": "sponsors.sponsor",
    "fields": {
        "logo": "sponsors/zkb.jpg",
        "link": "http://www.zkb.ch/",
        "name": "ZKB"
    }
}, {
    "pk": 1,
    "model": "sponsors.category",
    "fields": {
        "name": "GROSSER BRUDER"
    }
}, {
    "pk": 3,
    "model": "sponsors.category",
    "fields": {
        "name": "KLEINE SCHWESTER"
    }
}, {
    "pk": 1,
    "model": "sponsors.sponsorcategoryyear",
    "fields": {
        "category": 1,
        "sponsor": 1,
        "year": 1
    }
}, {
    "pk": 2,
    "model": "sponsors.sponsorcategoryyear",
    "fields": {
        "category": 1,
        "sponsor": 2,
        "year": 1
    }
}, {
    "pk": 3,
    "model": "sponsors.sponsorcategoryyear",
    "fields": {
        "category": 1,
        "sponsor": 3,
        "year": 1
    }
}, {
    "pk": 4,
    "model": "sponsors.sponsorcategoryyear",
    "fields": {
        "category": 1,
        "sponsor": 4,
        "year": 1
    }
}, {
    "pk": 5,
    "model": "sponsors.sponsorcategoryyear",
    "fields": {
        "category": 1,
        "sponsor": 5,
        "year": 1
    }
}, {
    "pk": 7,
    "model": "sponsors.sponsorcategoryyear",
    "fields": {
        "category": 1,
        "sponsor": 7,
        "year": 1
    }
}, {
    "pk": 1,
    "model": "news.news",
    "fields": {
        "image": "news/Jeans_Team.jpg",
        "time": "2013-02-26T11:19:08Z",
        "name": "WIR SUCHEN NOCH HELFER",
        "description": "Wir suchen noch Helfer Wir suchen noch Helfer Wir suchen noch Helfer Wir suchen noch Helfer Wir suchen noch Helfer Wir suchen noch Helfer Wir suchen noch Helfer Wir suchen noch Helfer Wir suchen noch Helfer Wir suchen noch Helfer Wir suchen noch Helfer Wir suchen noch Helfer Wir suchen noch Helfer Wir suchen noch Helfer Wir suchen noch Helfer Wir suchen noch Helfer Wir suchen noch Helfer Wir suchen noch Helfer Wir suchen noch Helfer Wir suchen noch Helfer Wir suchen noch Helfer Wir suchen noch Helfer Wir suchen noch Helfer Wir suchen noch Helfer Wir suchen noch Helfer"
    }
}, {
    "pk": 1,
    "model": "mood.mood",
    "fields": {
        "image": "mood/Mood.jpg",
        "name": "Stolzewiese",
        "description": ""
    }
}, {
    "pk": 1,
    "model": "admin.logentry",
    "fields": {
        "action_flag": 1,
        "action_time": "2013-02-06T16:38:38.130Z",
        "object_repr": "2013",
        "object_id": "1",
        "change_message": "",
        "user": 1,
        "content_type": 9
    }
}, {
    "pk": 2,
    "model": "admin.logentry",
    "fields": {
        "action_flag": 1,
        "action_time": "2013-02-06T16:38:43.807Z",
        "object_repr": "DIELLOR",
        "object_id": "1",
        "change_message": "",
        "user": 1,
        "content_type": 7
    }
}, {
    "pk": 3,
    "model": "admin.logentry",
    "fields": {
        "action_flag": 1,
        "action_time": "2013-02-06T16:39:11.141Z",
        "object_repr": "Bands ",
        "object_id": "1",
        "change_message": "",
        "user": 1,
        "content_type": 11
    }
}, {
    "pk": 4,
    "model": "admin.logentry",
    "fields": {
        "action_flag": 1,
        "action_time": "2013-02-06T16:39:47.257Z",
        "object_repr": "FEINHEIT DIELLOR ",
        "object_id": "1",
        "change_message": "",
        "user": 1,
        "content_type": 12
    }
}, {
    "pk": 5,
    "model": "admin.logentry",
    "fields": {
        "action_flag": 1,
        "action_time": "2013-02-06T16:40:03.341Z",
        "object_repr": "Platin",
        "object_id": "1",
        "change_message": "",
        "user": 1,
        "content_type": 14
    }
}, {
    "pk": 6,
    "model": "admin.logentry",
    "fields": {
        "action_flag": 1,
        "action_time": "2013-02-06T16:40:09.741Z",
        "object_repr": "Gold",
        "object_id": "2",
        "change_message": "",
        "user": 1,
        "content_type": 14
    }
}, {
    "pk": 7,
    "model": "admin.logentry",
    "fields": {
        "action_flag": 1,
        "action_time": "2013-02-06T16:40:14.758Z",
        "object_repr": "Silver",
        "object_id": "3",
        "change_message": "",
        "user": 1,
        "content_type": 14
    }
}, {
    "pk": 8,
    "model": "admin.logentry",
    "fields": {
        "action_flag": 1,
        "action_time": "2013-02-06T16:40:58.177Z",
        "object_repr": "FEINHEIT http://www.feinheit.ch/",
        "object_id": "1",
        "change_message": "",
        "user": 1,
        "content_type": 13
    }
}, {
    "pk": 9,
    "model": "admin.logentry",
    "fields": {
        "action_flag": 1,
        "action_time": "2013-02-13T18:41:28.996Z",
        "object_repr": "ZKB http://www.zkb.ch/",
        "object_id": "2",
        "change_message": "",
        "user": 1,
        "content_type": 13
    }
}, {
    "pk": 10,
    "model": "admin.logentry",
    "fields": {
        "action_flag": 1,
        "action_time": "2013-02-13T18:44:29.519Z",
        "object_repr": "dsfsf",
        "object_id": "2",
        "change_message": "",
        "user": 1,
        "content_type": 7
    }
}, {
    "pk": 11,
    "model": "admin.logentry",
    "fields": {
        "action_flag": 2,
        "action_time": "2013-02-14T10:29:26.800Z",
        "object_repr": "DIELLOR",
        "object_id": "1",
        "change_message": "description ge\u00e4ndert.",
        "user": 1,
        "content_type": 7
    }
}, {
    "pk": 12,
    "model": "admin.logentry",
    "fields": {
        "action_flag": 2,
        "action_time": "2013-02-14T10:31:36.511Z",
        "object_repr": "DIELLOR",
        "object_id": "1",
        "change_message": "description ge\u00e4ndert.",
        "user": 1,
        "content_type": 7
    }
}, {
    "pk": 13,
    "model": "admin.logentry",
    "fields": {
        "action_flag": 2,
        "action_time": "2013-02-14T10:47:24.232Z",
        "object_repr": "DIELLOR",
        "object_id": "1",
        "change_message": "image ge\u00e4ndert.",
        "user": 1,
        "content_type": 7
    }
}, {
    "pk": 14,
    "model": "admin.logentry",
    "fields": {
        "action_flag": 2,
        "action_time": "2013-02-14T11:03:41.425Z",
        "object_repr": "dsfsf",
        "object_id": "2",
        "change_message": "image ge\u00e4ndert.",
        "user": 1,
        "content_type": 7
    }
}, {
    "pk": 15,
    "model": "admin.logentry",
    "fields": {
        "action_flag": 2,
        "action_time": "2013-02-14T11:12:42.696Z",
        "object_repr": "DIELLOR",
        "object_id": "1",
        "change_message": "image ge\u00e4ndert.",
        "user": 1,
        "content_type": 7
    }
}, {
    "pk": 16,
    "model": "admin.logentry",
    "fields": {
        "action_flag": 2,
        "action_time": "2013-02-14T11:13:40.013Z",
        "object_repr": "DIELLOR",
        "object_id": "1",
        "change_message": "image ge\u00e4ndert.",
        "user": 1,
        "content_type": 7
    }
}, {
    "pk": 17,
    "model": "admin.logentry",
    "fields": {
        "action_flag": 2,
        "action_time": "2013-02-14T11:13:48.031Z",
        "object_repr": "DIELLOR",
        "object_id": "1",
        "change_message": "image ge\u00e4ndert.",
        "user": 1,
        "content_type": 7
    }
}, {
    "pk": 18,
    "model": "admin.logentry",
    "fields": {
        "action_flag": 2,
        "action_time": "2013-02-14T11:15:16.828Z",
        "object_repr": "DIELLOR",
        "object_id": "1",
        "change_message": "image ge\u00e4ndert.",
        "user": 1,
        "content_type": 7
    }
}, {
    "pk": 19,
    "model": "admin.logentry",
    "fields": {
        "action_flag": 3,
        "action_time": "2013-02-14T11:17:13.047Z",
        "object_repr": "dsfsf",
        "object_id": "2",
        "change_message": "",
        "user": 1,
        "content_type": 7
    }
}, {
    "pk": 20,
    "model": "admin.logentry",
    "fields": {
        "action_flag": 3,
        "action_time": "2013-02-14T11:17:13.201Z",
        "object_repr": "DIELLOR",
        "object_id": "1",
        "change_message": "",
        "user": 1,
        "content_type": 7
    }
}, {
    "pk": 21,
    "model": "admin.logentry",
    "fields": {
        "action_flag": 1,
        "action_time": "2013-02-14T11:17:58.457Z",
        "object_repr": "Fatboy",
        "object_id": "1",
        "change_message": "",
        "user": 1,
        "content_type": 7
    }
}, {
    "pk": 22,
    "model": "admin.logentry",
    "fields": {
        "action_flag": 1,
        "action_time": "2013-02-14T11:19:06.948Z",
        "object_repr": "Coldeve",
        "object_id": "2",
        "change_message": "",
        "user": 1,
        "content_type": 7
    }
}, {
    "pk": 23,
    "model": "admin.logentry",
    "fields": {
        "action_flag": 1,
        "action_time": "2013-02-14T11:31:43.816Z",
        "object_repr": "Alvin Zealot",
        "object_id": "3",
        "change_message": "",
        "user": 1,
        "content_type": 7
    }
}, {
    "pk": 24,
    "model": "admin.logentry",
    "fields": {
        "action_flag": 1,
        "action_time": "2013-02-14T13:32:28.349Z",
        "object_repr": "Jeans Team",
        "object_id": "4",
        "change_message": "",
        "user": 1,
        "content_type": 7
    }
}, {
    "pk": 25,
    "model": "admin.logentry",
    "fields": {
        "action_flag": 1,
        "action_time": "2013-02-14T14:52:15.937Z",
        "object_repr": "Lo Fat Orchestra",
        "object_id": "5",
        "change_message": "",
        "user": 1,
        "content_type": 7
    }
}, {
    "pk": 26,
    "model": "admin.logentry",
    "fields": {
        "action_flag": 1,
        "action_time": "2013-02-14T14:53:43.343Z",
        "object_repr": "Dabu Fantastic",
        "object_id": "6",
        "change_message": "",
        "user": 1,
        "content_type": 7
    }
}, {
    "pk": 27,
    "model": "admin.logentry",
    "fields": {
        "action_flag": 1,
        "action_time": "2013-02-14T15:28:18.938Z",
        "object_repr": "dsfsdfsdf",
        "object_id": "7",
        "change_message": "",
        "user": 1,
        "content_type": 7
    }
}, {
    "pk": 28,
    "model": "admin.logentry",
    "fields": {
        "action_flag": 2,
        "action_time": "2013-02-14T16:59:17.515Z",
        "object_repr": "Fatboy",
        "object_id": "1",
        "change_message": "description ge\u00e4ndert.",
        "user": 1,
        "content_type": 7
    }
}, {
    "pk": 29,
    "model": "admin.logentry",
    "fields": {
        "action_flag": 1,
        "action_time": "2013-02-14T17:15:43.666Z",
        "object_repr": "rfefef",
        "object_id": "8",
        "change_message": "",
        "user": 1,
        "content_type": 7
    }
}, {
    "pk": 30,
    "model": "admin.logentry",
    "fields": {
        "action_flag": 3,
        "action_time": "2013-02-14T17:16:01.438Z",
        "object_repr": "rfefef",
        "object_id": "8",
        "change_message": "",
        "user": 1,
        "content_type": 7
    }
}, {
    "pk": 31,
    "model": "admin.logentry",
    "fields": {
        "action_flag": 3,
        "action_time": "2013-02-14T17:16:01.553Z",
        "object_repr": "dsfsdfsdf",
        "object_id": "7",
        "change_message": "",
        "user": 1,
        "content_type": 7
    }
}, {
    "pk": 32,
    "model": "admin.logentry",
    "fields": {
        "action_flag": 1,
        "action_time": "2013-02-14T17:41:01.050Z",
        "object_repr": "gfdg",
        "object_id": "7",
        "change_message": "",
        "user": 1,
        "content_type": 7
    }
}, {
    "pk": 33,
    "model": "admin.logentry",
    "fields": {
        "action_flag": 1,
        "action_time": "2013-02-14T17:44:27.390Z",
        "object_repr": "MIGROS http://www.migros.ch/",
        "object_id": "3",
        "change_message": "",
        "user": 1,
        "content_type": 13
    }
}, {
    "pk": 34,
    "model": "admin.logentry",
    "fields": {
        "action_flag": 1,
        "action_time": "2013-02-14T17:45:06.564Z",
        "object_repr": "RIFFRAFF http://www.riffraff.ch/",
        "object_id": "4",
        "change_message": "",
        "user": 1,
        "content_type": 13
    }
}, {
    "pk": 35,
    "model": "admin.logentry",
    "fields": {
        "action_flag": 1,
        "action_time": "2013-02-14T17:46:12.174Z",
        "object_repr": "Stadt Z\u00fcrich http://www.zuerich.ch/",
        "object_id": "5",
        "change_message": "",
        "user": 1,
        "content_type": 13
    }
}, {
    "pk": 36,
    "model": "admin.logentry",
    "fields": {
        "action_flag": 1,
        "action_time": "2013-02-14T17:52:30.888Z",
        "object_repr": "Mascotte http://www.mascotte.ch/",
        "object_id": "6",
        "change_message": "",
        "user": 1,
        "content_type": 13
    }
}, {
    "pk": 37,
    "model": "admin.logentry",
    "fields": {
        "action_flag": 1,
        "action_time": "2013-02-14T17:52:55.583Z",
        "object_repr": "Tarzan http://www.tarzan.ch/",
        "object_id": "7",
        "change_message": "",
        "user": 1,
        "content_type": 13
    }
}, {
    "pk": 38,
    "model": "admin.logentry",
    "fields": {
        "action_flag": 1,
        "action_time": "2013-02-14T17:53:20.358Z",
        "object_repr": "EWZ http://www.ewz.ch/",
        "object_id": "8",
        "change_message": "",
        "user": 1,
        "content_type": 13
    }
}, {
    "pk": 39,
    "model": "admin.logentry",
    "fields": {
        "action_flag": 1,
        "action_time": "2013-02-14T17:53:39.293Z",
        "object_repr": "Sinalco http://www.sinalco.ch/",
        "object_id": "9",
        "change_message": "",
        "user": 1,
        "content_type": 13
    }
}, {
    "pk": 40,
    "model": "admin.logentry",
    "fields": {
        "action_flag": 1,
        "action_time": "2013-02-14T17:54:06.241Z",
        "object_repr": "CeDe http://www.cede.ch/",
        "object_id": "10",
        "change_message": "",
        "user": 1,
        "content_type": 13
    }
}, {
    "pk": 41,
    "model": "admin.logentry",
    "fields": {
        "action_flag": 1,
        "action_time": "2013-02-14T18:16:36.265Z",
        "object_repr": "fdsasfsdf Coldeve ",
        "object_id": "1",
        "change_message": "",
        "user": 1,
        "content_type": 12
    }
}, {
    "pk": 42,
    "model": "admin.logentry",
    "fields": {
        "action_flag": 1,
        "action_time": "2013-02-15T10:31:10.702Z",
        "object_repr": "sgdfsdfsfds Alvin Zealot ",
        "object_id": "2",
        "change_message": "",
        "user": 1,
        "content_type": 12
    }
}, {
    "pk": 43,
    "model": "admin.logentry",
    "fields": {
        "action_flag": 1,
        "action_time": "2013-02-15T10:50:22.830Z",
        "object_repr": "gfdsdfg None ",
        "object_id": "3",
        "change_message": "",
        "user": 1,
        "content_type": 12
    }
}, {
    "pk": 44,
    "model": "admin.logentry",
    "fields": {
        "action_flag": 1,
        "action_time": "2013-02-15T10:50:34.256Z",
        "object_repr": "sfdg None ",
        "object_id": "4",
        "change_message": "",
        "user": 1,
        "content_type": 12
    }
}, {
    "pk": 45,
    "model": "admin.logentry",
    "fields": {
        "action_flag": 1,
        "action_time": "2013-02-15T10:50:48.280Z",
        "object_repr": "sdgfsdg None ",
        "object_id": "5",
        "change_message": "",
        "user": 1,
        "content_type": 12
    }
}, {
    "pk": 46,
    "model": "admin.logentry",
    "fields": {
        "action_flag": 2,
        "action_time": "2013-02-15T10:51:09.709Z",
        "object_repr": "sdgfsdg None ",
        "object_id": "5",
        "change_message": "Keine Felder ge\u00e4ndert.",
        "user": 1,
        "content_type": 12
    }
}, {
    "pk": 47,
    "model": "admin.logentry",
    "fields": {
        "action_flag": 1,
        "action_time": "2013-02-15T10:51:20.229Z",
        "object_repr": "asdfsadf None ",
        "object_id": "6",
        "change_message": "",
        "user": 1,
        "content_type": 12
    }
}, {
    "pk": 48,
    "model": "admin.logentry",
    "fields": {
        "action_flag": 1,
        "action_time": "2013-02-15T10:51:34.043Z",
        "object_repr": "sdfadfsdf None ",
        "object_id": "7",
        "change_message": "",
        "user": 1,
        "content_type": 12
    }
}, {
    "pk": 49,
    "model": "admin.logentry",
    "fields": {
        "action_flag": 1,
        "action_time": "2013-02-15T10:52:06.946Z",
        "object_repr": "asfdsf None ",
        "object_id": "8",
        "change_message": "",
        "user": 1,
        "content_type": 12
    }
}, {
    "pk": 50,
    "model": "admin.logentry",
    "fields": {
        "action_flag": 3,
        "action_time": "2013-02-15T10:52:34.233Z",
        "object_repr": "gfdg",
        "object_id": "7",
        "change_message": "",
        "user": 1,
        "content_type": 7
    }
}, {
    "pk": 51,
    "model": "admin.logentry",
    "fields": {
        "action_flag": 1,
        "action_time": "2013-02-15T11:04:06.022Z",
        "object_repr": "sdasdsad",
        "object_id": "7",
        "change_message": "",
        "user": 1,
        "content_type": 7
    }
}, {
    "pk": 52,
    "model": "admin.logentry",
    "fields": {
        "action_flag": 3,
        "action_time": "2013-02-15T11:04:55.301Z",
        "object_repr": "sdasdsad",
        "object_id": "7",
        "change_message": "",
        "user": 1,
        "content_type": 7
    }
}, {
    "pk": 53,
    "model": "admin.logentry",
    "fields": {
        "action_flag": 1,
        "action_time": "2013-02-15T11:07:13.631Z",
        "object_repr": "afdsad",
        "object_id": "7",
        "change_message": "",
        "user": 1,
        "content_type": 7
    }
}, {
    "pk": 54,
    "model": "admin.logentry",
    "fields": {
        "action_flag": 3,
        "action_time": "2013-02-15T11:08:12.177Z",
        "object_repr": "afdsad",
        "object_id": "7",
        "change_message": "",
        "user": 1,
        "content_type": 7
    }
}, {
    "pk": 55,
    "model": "admin.logentry",
    "fields": {
        "action_flag": 1,
        "action_time": "2013-02-15T11:12:26.161Z",
        "object_repr": "sdfsdf",
        "object_id": "7",
        "change_message": "",
        "user": 1,
        "content_type": 7
    }
}, {
    "pk": 56,
    "model": "admin.logentry",
    "fields": {
        "action_flag": 3,
        "action_time": "2013-02-15T12:33:52.966Z",
        "object_repr": "sdfsdf",
        "object_id": "7",
        "change_message": "",
        "user": 1,
        "content_type": 7
    }
}, {
    "pk": 57,
    "model": "admin.logentry",
    "fields": {
        "action_flag": 1,
        "action_time": "2013-02-15T12:51:19.321Z",
        "object_repr": "dsfsdfsd",
        "object_id": "7",
        "change_message": "",
        "user": 1,
        "content_type": 7
    }
}, {
    "pk": 58,
    "model": "admin.logentry",
    "fields": {
        "action_flag": 3,
        "action_time": "2013-02-15T13:14:43.837Z",
        "object_repr": "dsfsdfsd",
        "object_id": "7",
        "change_message": "",
        "user": 1,
        "content_type": 7
    }
}, {
    "pk": 59,
    "model": "admin.logentry",
    "fields": {
        "action_flag": 1,
        "action_time": "2013-02-15T13:50:22.580Z",
        "object_repr": "Hallo stolz\u00e4 stolz\u00e4 stolz\u00e4 stolz\u00e4 stolz\u00e4 stolz\u00e4 stolz\u00e4 stolz\u00e4 stolz\u00e4 stolz\u00e4 stolz\u00e4 stolz\u00e4 stolz\u00e4 stolz\u00e4 stolz\u00e4 stolz\u00e4 stolz\u00e4 stolz\u00e4 stolz\u00e4 stolz\u00e4 stolz\u00e4 stolz\u00e4 stolz\u00e4 stolz\u00e4 stolz\u00e4 stolz\u00e4 stolz\u00e4 stolz",
        "object_id": "1",
        "change_message": "",
        "user": 1,
        "content_type": 17
    }
}, {
    "pk": 60,
    "model": "admin.logentry",
    "fields": {
        "action_flag": 3,
        "action_time": "2013-02-15T14:02:39.309Z",
        "object_repr": "Hallo stolz\u00e4 stolz\u00e4 stolz\u00e4 stolz\u00e4 stolz\u00e4 stolz\u00e4 stolz\u00e4 stolz\u00e4 stolz\u00e4 stolz\u00e4 stolz\u00e4 stolz\u00e4 stolz\u00e4 stolz\u00e4 stolz\u00e4 stolz\u00e4 stolz\u00e4 stolz\u00e4 stolz\u00e4 stolz\u00e4 stolz\u00e4 stolz\u00e4 stolz\u00e4 stolz\u00e4 stolz\u00e4 stolz\u00e4 stolz\u00e4 stolz",
        "object_id": "1",
        "change_message": "",
        "user": 1,
        "content_type": 17
    }
}, {
    "pk": 61,
    "model": "admin.logentry",
    "fields": {
        "action_flag": 1,
        "action_time": "2013-02-15T14:03:07.203Z",
        "object_repr": "hallo stolz\u00e4 stolz\u00e4 stolz\u00e4 stolz\u00e4 stolz\u00e4 stolz\u00e4 stolz\u00e4 stolz\u00e4 stolz\u00e4 stolz\u00e4 stolz\u00e4 stolz\u00e4 stolz\u00e4 stolz\u00e4 stolz\u00e4 stolz\u00e4 stolz\u00e4 stolz\u00e4 stolz\u00e4 stolz\u00e4 stolz\u00e4 stolz\u00e4 stolz\u00e4 stolz\u00e4 stolz\u00e4 stolz\u00e4 stolz\u00e4 stolz",
        "object_id": "1",
        "change_message": "",
        "user": 1,
        "content_type": 17
    }
}, {
    "pk": 62,
    "model": "admin.logentry",
    "fields": {
        "action_flag": 1,
        "action_time": "2013-02-15T14:50:31.097Z",
        "object_repr": " ",
        "object_id": "1",
        "change_message": "",
        "user": 1,
        "content_type": 18
    }
}, {
    "pk": 63,
    "model": "admin.logentry",
    "fields": {
        "action_flag": 3,
        "action_time": "2013-02-15T14:52:31.830Z",
        "object_repr": " ",
        "object_id": "1",
        "change_message": "",
        "user": 1,
        "content_type": 18
    }
}, {
    "pk": 64,
    "model": "admin.logentry",
    "fields": {
        "action_flag": 1,
        "action_time": "2013-02-15T14:53:06.850Z",
        "object_repr": "Silver ",
        "object_id": "1",
        "change_message": "",
        "user": 1,
        "content_type": 18
    }
}, {
    "pk": 65,
    "model": "admin.logentry",
    "fields": {
        "action_flag": 3,
        "action_time": "2013-02-15T14:59:48.370Z",
        "object_repr": "Silver ",
        "object_id": "1",
        "change_message": "",
        "user": 1,
        "content_type": 18
    }
}, {
    "pk": 66,
    "model": "admin.logentry",
    "fields": {
        "action_flag": 1,
        "action_time": "2013-02-15T15:04:50.445Z",
        "object_repr": "dsasasdas ",
        "object_id": "1",
        "change_message": "",
        "user": 1,
        "content_type": 18
    }
}, {
    "pk": 67,
    "model": "admin.logentry",
    "fields": {
        "action_flag": 1,
        "action_time": "2013-02-18T10:09:30.774Z",
        "object_repr": "adfgdafg ",
        "object_id": "2",
        "change_message": "",
        "user": 1,
        "content_type": 18
    }
}, {
    "pk": 68,
    "model": "admin.logentry",
    "fields": {
        "action_flag": 3,
        "action_time": "2013-02-18T10:09:47.698Z",
        "object_repr": "adfgdafg ",
        "object_id": "2",
        "change_message": "",
        "user": 1,
        "content_type": 18
    }
}, {
    "pk": 69,
    "model": "admin.logentry",
    "fields": {
        "action_flag": 2,
        "action_time": "2013-02-18T12:08:53.620Z",
        "object_repr": "2013",
        "object_id": "1",
        "change_message": "logo ge\u00e4ndert.",
        "user": 1,
        "content_type": 9
    }
}, {
    "pk": 70,
    "model": "admin.logentry",
    "fields": {
        "action_flag": 2,
        "action_time": "2013-02-18T12:15:20.974Z",
        "object_repr": "2013",
        "object_id": "1",
        "change_message": "Keine Felder ge\u00e4ndert.",
        "user": 1,
        "content_type": 9
    }
}, {
    "pk": 71,
    "model": "admin.logentry",
    "fields": {
        "action_flag": 2,
        "action_time": "2013-02-18T12:58:17.124Z",
        "object_repr": "Stolzewiese ",
        "object_id": "1",
        "change_message": "name und image ge\u00e4ndert.",
        "user": 1,
        "content_type": 18
    }
}, {
    "pk": 72,
    "model": "admin.logentry",
    "fields": {
        "action_flag": 3,
        "action_time": "2013-02-18T13:26:16.976Z",
        "object_repr": "hallo stolz\u00e4 stolz\u00e4 stolz\u00e4 stolz\u00e4 stolz\u00e4 stolz\u00e4 stolz\u00e4 stolz\u00e4 stolz\u00e4 stolz\u00e4 stolz\u00e4 stolz\u00e4 stolz\u00e4 stolz\u00e4 stolz\u00e4 stolz\u00e4 stolz\u00e4 stolz\u00e4 stolz\u00e4 stolz\u00e4 stolz\u00e4 stolz\u00e4 stolz\u00e4 stolz\u00e4 stolz\u00e4 stolz\u00e4 stolz\u00e4 stolz",
        "object_id": "1",
        "change_message": "",
        "user": 1,
        "content_type": 17
    }
}, {
    "pk": 73,
    "model": "admin.logentry",
    "fields": {
        "action_flag": 2,
        "action_time": "2013-02-18T14:34:26.415Z",
        "object_repr": "Dabu Fantastic",
        "object_id": "6",
        "change_message": "image ge\u00e4ndert.",
        "user": 1,
        "content_type": 7
    }
}, {
    "pk": 74,
    "model": "admin.logentry",
    "fields": {
        "action_flag": 2,
        "action_time": "2013-02-18T14:34:54.074Z",
        "object_repr": "Alvin Zealot",
        "object_id": "3",
        "change_message": "image ge\u00e4ndert.",
        "user": 1,
        "content_type": 7
    }
}, {
    "pk": 75,
    "model": "admin.logentry",
    "fields": {
        "action_flag": 2,
        "action_time": "2013-02-18T14:35:04.966Z",
        "object_repr": "Coldeve",
        "object_id": "2",
        "change_message": "image ge\u00e4ndert.",
        "user": 1,
        "content_type": 7
    }
}, {
    "pk": 76,
    "model": "admin.logentry",
    "fields": {
        "action_flag": 2,
        "action_time": "2013-02-18T14:36:00.841Z",
        "object_repr": "Jeans Team",
        "object_id": "4",
        "change_message": "image ge\u00e4ndert.",
        "user": 1,
        "content_type": 7
    }
}, {
    "pk": 77,
    "model": "admin.logentry",
    "fields": {
        "action_flag": 2,
        "action_time": "2013-02-18T14:36:55.300Z",
        "object_repr": "Lo Fat Orchestra",
        "object_id": "5",
        "change_message": "image ge\u00e4ndert.",
        "user": 1,
        "content_type": 7
    }
}, {
    "pk": 78,
    "model": "admin.logentry",
    "fields": {
        "action_flag": 2,
        "action_time": "2013-02-18T14:58:38.605Z",
        "object_repr": "sdgfsdg None ",
        "object_id": "5",
        "change_message": "is_yearcover ge\u00e4ndert.",
        "user": 1,
        "content_type": 12
    }
}, {
    "pk": 79,
    "model": "admin.logentry",
    "fields": {
        "action_flag": 2,
        "action_time": "2013-02-18T14:58:42.909Z",
        "object_repr": "sdgfsdg None ",
        "object_id": "5",
        "change_message": "is_yearcover ge\u00e4ndert.",
        "user": 1,
        "content_type": 12
    }
}, {
    "pk": 80,
    "model": "admin.logentry",
    "fields": {
        "action_flag": 2,
        "action_time": "2013-02-18T16:31:21.266Z",
        "object_repr": "asdfsadf None ",
        "object_id": "6",
        "change_message": "is_yearcover ge\u00e4ndert.",
        "user": 1,
        "content_type": 12
    }
}, {
    "pk": 81,
    "model": "admin.logentry",
    "fields": {
        "action_flag": 2,
        "action_time": "2013-02-18T16:36:30.484Z",
        "object_repr": "asfdsf None ",
        "object_id": "8",
        "change_message": "is_yearcover ge\u00e4ndert.",
        "user": 1,
        "content_type": 12
    }
}, {
    "pk": 82,
    "model": "admin.logentry",
    "fields": {
        "action_flag": 2,
        "action_time": "2013-02-18T16:36:35.065Z",
        "object_repr": "sdfadfsdf None ",
        "object_id": "7",
        "change_message": "is_yearcover ge\u00e4ndert.",
        "user": 1,
        "content_type": 12
    }
}, {
    "pk": 83,
    "model": "admin.logentry",
    "fields": {
        "action_flag": 2,
        "action_time": "2013-02-18T17:49:03.900Z",
        "object_repr": "asfdsf None ",
        "object_id": "8",
        "change_message": "is_yearcover ge\u00e4ndert.",
        "user": 1,
        "content_type": 12
    }
}, {
    "pk": 84,
    "model": "admin.logentry",
    "fields": {
        "action_flag": 2,
        "action_time": "2013-02-18T17:56:56.167Z",
        "object_repr": "asfdsf None ",
        "object_id": "8",
        "change_message": "Keine Felder ge\u00e4ndert.",
        "user": 1,
        "content_type": 12
    }
}, {
    "pk": 85,
    "model": "admin.logentry",
    "fields": {
        "action_flag": 2,
        "action_time": "2013-02-18T17:57:07.217Z",
        "object_repr": "sdfadfsdf None ",
        "object_id": "7",
        "change_message": "is_yearcover ge\u00e4ndert.",
        "user": 1,
        "content_type": 12
    }
}, {
    "pk": 86,
    "model": "admin.logentry",
    "fields": {
        "action_flag": 1,
        "action_time": "2013-02-18T18:06:30.501Z",
        "object_repr": "2012",
        "object_id": "2",
        "change_message": "",
        "user": 1,
        "content_type": 9
    }
}, {
    "pk": 87,
    "model": "admin.logentry",
    "fields": {
        "action_flag": 1,
        "action_time": "2013-02-18T18:06:42.274Z",
        "object_repr": "2011",
        "object_id": "3",
        "change_message": "",
        "user": 1,
        "content_type": 9
    }
}, {
    "pk": 88,
    "model": "admin.logentry",
    "fields": {
        "action_flag": 1,
        "action_time": "2013-02-18T18:07:01.768Z",
        "object_repr": "2010",
        "object_id": "4",
        "change_message": "",
        "user": 1,
        "content_type": 9
    }
}, {
    "pk": 89,
    "model": "admin.logentry",
    "fields": {
        "action_flag": 1,
        "action_time": "2013-02-18T18:07:17.108Z",
        "object_repr": "2009",
        "object_id": "5",
        "change_message": "",
        "user": 1,
        "content_type": 9
    }
}, {
    "pk": 90,
    "model": "admin.logentry",
    "fields": {
        "action_flag": 2,
        "action_time": "2013-02-18T18:35:47.120Z",
        "object_repr": "sfdg None ",
        "object_id": "4",
        "change_message": "year und is_yearcover ge\u00e4ndert.",
        "user": 1,
        "content_type": 12
    }
}, {
    "pk": 91,
    "model": "admin.logentry",
    "fields": {
        "action_flag": 1,
        "action_time": "2013-02-18T18:38:32.301Z",
        "object_repr": "YearCover 2012 None ",
        "object_id": "9",
        "change_message": "",
        "user": 1,
        "content_type": 12
    }
}, {
    "pk": 92,
    "model": "admin.logentry",
    "fields": {
        "action_flag": 1,
        "action_time": "2013-02-18T18:38:53.624Z",
        "object_repr": "YearCover 2011 None ",
        "object_id": "10",
        "change_message": "",
        "user": 1,
        "content_type": 12
    }
}, {
    "pk": 93,
    "model": "admin.logentry",
    "fields": {
        "action_flag": 1,
        "action_time": "2013-02-18T18:39:14.726Z",
        "object_repr": "YearCover 2010 None ",
        "object_id": "11",
        "change_message": "",
        "user": 1,
        "content_type": 12
    }
}, {
    "pk": 94,
    "model": "admin.logentry",
    "fields": {
        "action_flag": 1,
        "action_time": "2013-02-18T18:39:45.379Z",
        "object_repr": "YearCover 2009 None ",
        "object_id": "12",
        "change_message": "",
        "user": 1,
        "content_type": 12
    }
}, {
    "pk": 95,
    "model": "admin.logentry",
    "fields": {
        "action_flag": 3,
        "action_time": "2013-02-18T18:40:13.980Z",
        "object_repr": "sdfadfsdf None ",
        "object_id": "7",
        "change_message": "",
        "user": 1,
        "content_type": 12
    }
}, {
    "pk": 96,
    "model": "admin.logentry",
    "fields": {
        "action_flag": 3,
        "action_time": "2013-02-18T18:42:09.095Z",
        "object_repr": "YearCover 2012 None ",
        "object_id": "9",
        "change_message": "",
        "user": 1,
        "content_type": 12
    }
}, {
    "pk": 97,
    "model": "admin.logentry",
    "fields": {
        "action_flag": 3,
        "action_time": "2013-02-18T19:20:52.627Z",
        "object_repr": "CeDe http://www.cede.ch/",
        "object_id": "10",
        "change_message": "",
        "user": 1,
        "content_type": 13
    }
}, {
    "pk": 98,
    "model": "admin.logentry",
    "fields": {
        "action_flag": 3,
        "action_time": "2013-02-18T19:20:52.745Z",
        "object_repr": "Sinalco http://www.sinalco.ch/",
        "object_id": "9",
        "change_message": "",
        "user": 1,
        "content_type": 13
    }
}, {
    "pk": 99,
    "model": "admin.logentry",
    "fields": {
        "action_flag": 3,
        "action_time": "2013-02-18T19:20:52.834Z",
        "object_repr": "EWZ http://www.ewz.ch/",
        "object_id": "8",
        "change_message": "",
        "user": 1,
        "content_type": 13
    }
}, {
    "pk": 100,
    "model": "admin.logentry",
    "fields": {
        "action_flag": 3,
        "action_time": "2013-02-18T19:20:52.937Z",
        "object_repr": "Tarzan http://www.tarzan.ch/",
        "object_id": "7",
        "change_message": "",
        "user": 1,
        "content_type": 13
    }
}, {
    "pk": 101,
    "model": "admin.logentry",
    "fields": {
        "action_flag": 3,
        "action_time": "2013-02-18T19:20:53.027Z",
        "object_repr": "Mascotte http://www.mascotte.ch/",
        "object_id": "6",
        "change_message": "",
        "user": 1,
        "content_type": 13
    }
}, {
    "pk": 102,
    "model": "admin.logentry",
    "fields": {
        "action_flag": 3,
        "action_time": "2013-02-18T19:20:53.118Z",
        "object_repr": "Stadt Z\u00fcrich http://www.zuerich.ch/",
        "object_id": "5",
        "change_message": "",
        "user": 1,
        "content_type": 13
    }
}, {
    "pk": 103,
    "model": "admin.logentry",
    "fields": {
        "action_flag": 3,
        "action_time": "2013-02-18T19:20:53.246Z",
        "object_repr": "RIFFRAFF http://www.riffraff.ch/",
        "object_id": "4",
        "change_message": "",
        "user": 1,
        "content_type": 13
    }
}, {
    "pk": 104,
    "model": "admin.logentry",
    "fields": {
        "action_flag": 3,
        "action_time": "2013-02-18T19:20:53.372Z",
        "object_repr": "MIGROS http://www.migros.ch/",
        "object_id": "3",
        "change_message": "",
        "user": 1,
        "content_type": 13
    }
}, {
    "pk": 105,
    "model": "admin.logentry",
    "fields": {
        "action_flag": 3,
        "action_time": "2013-02-18T19:20:53.471Z",
        "object_repr": "ZKB http://www.zkb.ch/",
        "object_id": "2",
        "change_message": "",
        "user": 1,
        "content_type": 13
    }
}, {
    "pk": 106,
    "model": "admin.logentry",
    "fields": {
        "action_flag": 3,
        "action_time": "2013-02-18T19:20:53.560Z",
        "object_repr": "FEINHEIT http://www.feinheit.ch/",
        "object_id": "1",
        "change_message": "",
        "user": 1,
        "content_type": 13
    }
}, {
    "pk": 107,
    "model": "admin.logentry",
    "fields": {
        "action_flag": 1,
        "action_time": "2013-02-18T19:33:24.741Z",
        "object_repr": "Stadt Z\u00fcrich http://www.stadt-zuerich.ch/sd/de/index.html",
        "object_id": "1",
        "change_message": "",
        "user": 1,
        "content_type": 13
    }
}, {
    "pk": 108,
    "model": "admin.logentry",
    "fields": {
        "action_flag": 1,
        "action_time": "2013-02-18T19:33:58.316Z",
        "object_repr": "FEINHEIT http://www.feinheit.ch/",
        "object_id": "2",
        "change_message": "",
        "user": 1,
        "content_type": 13
    }
}, {
    "pk": 109,
    "model": "admin.logentry",
    "fields": {
        "action_flag": 1,
        "action_time": "2013-02-18T19:34:39.299Z",
        "object_repr": "Mascotte http://www.mascotte.ch/",
        "object_id": "3",
        "change_message": "",
        "user": 1,
        "content_type": 13
    }
}, {
    "pk": 110,
    "model": "admin.logentry",
    "fields": {
        "action_flag": 1,
        "action_time": "2013-02-18T19:35:28.162Z",
        "object_repr": "Quartierverein Oberstrass http://www.qvo.ch/",
        "object_id": "4",
        "change_message": "",
        "user": 1,
        "content_type": 13
    }
}, {
    "pk": 111,
    "model": "admin.logentry",
    "fields": {
        "action_flag": 1,
        "action_time": "2013-02-18T19:36:02.376Z",
        "object_repr": "RIFFRAFF http://www.riffraff.ch/",
        "object_id": "5",
        "change_message": "",
        "user": 1,
        "content_type": 13
    }
}, {
    "pk": 112,
    "model": "admin.logentry",
    "fields": {
        "action_flag": 1,
        "action_time": "2013-02-18T19:36:40.945Z",
        "object_repr": "Tarzan http://www.tarzan.ch/",
        "object_id": "6",
        "change_message": "",
        "user": 1,
        "content_type": 13
    }
}, {
    "pk": 113,
    "model": "admin.logentry",
    "fields": {
        "action_flag": 1,
        "action_time": "2013-02-18T19:37:08.545Z",
        "object_repr": "ZKB http://www.zkb.ch/",
        "object_id": "7",
        "change_message": "",
        "user": 1,
        "content_type": 13
    }
}, {
    "pk": 114,
    "model": "admin.logentry",
    "fields": {
        "action_flag": 2,
        "action_time": "2013-02-18T19:48:40.321Z",
        "object_repr": "Stadt Z\u00fcrich http://www.stadt-zuerich.ch/sd/de/index.html",
        "object_id": "1",
        "change_message": "Keine Felder ge\u00e4ndert.",
        "user": 1,
        "content_type": 13
    }
}, {
    "pk": 115,
    "model": "admin.logentry",
    "fields": {
        "action_flag": 1,
        "action_time": "2013-02-18T19:52:02.348Z",
        "object_repr": "vbcvbcb http://www.cvhblcv.ch/",
        "object_id": "8",
        "change_message": "",
        "user": 1,
        "content_type": 13
    }
}, {
    "pk": 116,
    "model": "admin.logentry",
    "fields": {
        "action_flag": 1,
        "action_time": "2013-02-19T12:06:58.196Z",
        "object_repr": "2008",
        "object_id": "6",
        "change_message": "",
        "user": 1,
        "content_type": 9
    }
}, {
    "pk": 117,
    "model": "admin.logentry",
    "fields": {
        "action_flag": 1,
        "action_time": "2013-02-19T12:07:01.863Z",
        "object_repr": "YearCover 2008 None ",
        "object_id": "13",
        "change_message": "",
        "user": 1,
        "content_type": 12
    }
}, {
    "pk": 118,
    "model": "admin.logentry",
    "fields": {
        "action_flag": 3,
        "action_time": "2013-02-19T12:12:09.189Z",
        "object_repr": "vbcvbcb http://www.cvhblcv.ch/",
        "object_id": "8",
        "change_message": "",
        "user": 1,
        "content_type": 13
    }
}, {
    "pk": 119,
    "model": "admin.logentry",
    "fields": {
        "action_flag": 1,
        "action_time": "2013-02-19T12:22:49.850Z",
        "object_repr": "dgfd None ",
        "object_id": "14",
        "change_message": "",
        "user": 1,
        "content_type": 12
    }
}, {
    "pk": 120,
    "model": "admin.logentry",
    "fields": {
        "action_flag": 2,
        "action_time": "2013-02-19T12:23:05.971Z",
        "object_repr": "dgfd Coldeve ",
        "object_id": "14",
        "change_message": "band ge\u00e4ndert.",
        "user": 1,
        "content_type": 12
    }
}, {
    "pk": 121,
    "model": "admin.logentry",
    "fields": {
        "action_flag": 3,
        "action_time": "2013-02-19T12:23:22.858Z",
        "object_repr": "dgfd Coldeve ",
        "object_id": "14",
        "change_message": "",
        "user": 1,
        "content_type": 12
    }
}, {
    "pk": 122,
    "model": "admin.logentry",
    "fields": {
        "action_flag": 1,
        "action_time": "2013-02-19T12:24:36.577Z",
        "object_repr": "dfsadsfdfsdfs",
        "object_id": "7",
        "change_message": "",
        "user": 1,
        "content_type": 7
    }
}, {
    "pk": 123,
    "model": "admin.logentry",
    "fields": {
        "action_flag": 1,
        "action_time": "2013-02-19T12:30:57.368Z",
        "object_repr": "2007",
        "object_id": "7",
        "change_message": "",
        "user": 1,
        "content_type": 9
    }
}, {
    "pk": 124,
    "model": "admin.logentry",
    "fields": {
        "action_flag": 1,
        "action_time": "2013-02-19T12:30:58.800Z",
        "object_repr": "YearCover 2007 None ",
        "object_id": "14",
        "change_message": "",
        "user": 1,
        "content_type": 12
    }
}, {
    "pk": 125,
    "model": "admin.logentry",
    "fields": {
        "action_flag": 3,
        "action_time": "2013-02-19T14:00:40.456Z",
        "object_repr": "Tarzan http://www.tarzan.ch/",
        "object_id": "6",
        "change_message": "",
        "user": 1,
        "content_type": 13
    }
}, {
    "pk": 126,
    "model": "admin.logentry",
    "fields": {
        "action_flag": 3,
        "action_time": "2013-02-19T14:14:33.777Z",
        "object_repr": "dfsadsfdfsdfs",
        "object_id": "7",
        "change_message": "",
        "user": 1,
        "content_type": 7
    }
}, {
    "pk": 127,
    "model": "admin.logentry",
    "fields": {
        "action_flag": 3,
        "action_time": "2013-02-19T14:31:53.768Z",
        "object_repr": "YearCover 2011 None ",
        "object_id": "10",
        "change_message": "",
        "user": 1,
        "content_type": 12
    }
}, {
    "pk": 128,
    "model": "admin.logentry",
    "fields": {
        "action_flag": 1,
        "action_time": "2013-02-19T14:33:06.767Z",
        "object_repr": "sgfdsdfgsdfg None ",
        "object_id": "15",
        "change_message": "",
        "user": 1,
        "content_type": 12
    }
}, {
    "pk": 129,
    "model": "admin.logentry",
    "fields": {
        "action_flag": 3,
        "action_time": "2013-02-19T15:03:49.334Z",
        "object_repr": "sgfdsdfgsdfg None ",
        "object_id": "15",
        "change_message": "",
        "user": 1,
        "content_type": 12
    }
}, {
    "pk": 130,
    "model": "admin.logentry",
    "fields": {
        "action_flag": 1,
        "action_time": "2013-02-20T09:18:53.226Z",
        "object_repr": "sdadasd",
        "object_id": "7",
        "change_message": "",
        "user": 1,
        "content_type": 7
    }
}, {
    "pk": 131,
    "model": "admin.logentry",
    "fields": {
        "action_flag": 3,
        "action_time": "2013-02-20T10:32:25.284Z",
        "object_repr": "sdadasd",
        "object_id": "7",
        "change_message": "",
        "user": 1,
        "content_type": 7
    }
}, {
    "pk": 132,
    "model": "admin.logentry",
    "fields": {
        "action_flag": 1,
        "action_time": "2013-02-20T10:43:58.578Z",
        "object_repr": "asdasdsad",
        "object_id": "7",
        "change_message": "",
        "user": 1,
        "content_type": 7
    }
}, {
    "pk": 133,
    "model": "admin.logentry",
    "fields": {
        "action_flag": 1,
        "action_time": "2013-02-20T10:44:29.233Z",
        "object_repr": "asdsadsd None ",
        "object_id": "15",
        "change_message": "",
        "user": 1,
        "content_type": 12
    }
}, {
    "pk": 134,
    "model": "admin.logentry",
    "fields": {
        "action_flag": 3,
        "action_time": "2013-02-20T10:44:46.715Z",
        "object_repr": "asdsadsd None ",
        "object_id": "15",
        "change_message": "",
        "user": 1,
        "content_type": 12
    }
}, {
    "pk": 135,
    "model": "admin.logentry",
    "fields": {
        "action_flag": 3,
        "action_time": "2013-02-20T10:44:53.725Z",
        "object_repr": "asdasdsad",
        "object_id": "7",
        "change_message": "",
        "user": 1,
        "content_type": 7
    }
}, {
    "pk": 136,
    "model": "admin.logentry",
    "fields": {
        "action_flag": 2,
        "action_time": "2013-02-20T13:26:56.996Z",
        "object_repr": "Fatboy",
        "object_id": "1",
        "change_message": "slug ge\u00e4ndert.",
        "user": 1,
        "content_type": 7
    }
}, {
    "pk": 137,
    "model": "admin.logentry",
    "fields": {
        "action_flag": 2,
        "action_time": "2013-02-20T13:44:32.228Z",
        "object_repr": "Coldeve",
        "object_id": "2",
        "change_message": "slug ge\u00e4ndert.",
        "user": 1,
        "content_type": 7
    }
}, {
    "pk": 138,
    "model": "admin.logentry",
    "fields": {
        "action_flag": 2,
        "action_time": "2013-02-20T13:44:45.306Z",
        "object_repr": "Alvin Zealot",
        "object_id": "3",
        "change_message": "slug ge\u00e4ndert.",
        "user": 1,
        "content_type": 7
    }
}, {
    "pk": 139,
    "model": "admin.logentry",
    "fields": {
        "action_flag": 2,
        "action_time": "2013-02-20T13:44:50.889Z",
        "object_repr": "Jeans Team",
        "object_id": "4",
        "change_message": "slug ge\u00e4ndert.",
        "user": 1,
        "content_type": 7
    }
}, {
    "pk": 140,
    "model": "admin.logentry",
    "fields": {
        "action_flag": 2,
        "action_time": "2013-02-20T13:45:04.651Z",
        "object_repr": "Lo Fat Orchestra",
        "object_id": "5",
        "change_message": "slug ge\u00e4ndert.",
        "user": 1,
        "content_type": 7
    }
}, {
    "pk": 141,
    "model": "admin.logentry",
    "fields": {
        "action_flag": 2,
        "action_time": "2013-02-20T13:45:13.953Z",
        "object_repr": "Dabu Fantastic",
        "object_id": "6",
        "change_message": "slug ge\u00e4ndert.",
        "user": 1,
        "content_type": 7
    }
}, {
    "pk": 142,
    "model": "admin.logentry",
    "fields": {
        "action_flag": 2,
        "action_time": "2013-02-21T15:53:25.833Z",
        "object_repr": "Fatboy",
        "object_id": "1",
        "change_message": "description ge\u00e4ndert.",
        "user": 1,
        "content_type": 7
    }
}, {
    "pk": 143,
    "model": "admin.logentry",
    "fields": {
        "action_flag": 2,
        "action_time": "2013-02-21T16:05:45.024Z",
        "object_repr": "Fatboy",
        "object_id": "1",
        "change_message": "description ge\u00e4ndert.",
        "user": 1,
        "content_type": 7
    }
}, {
    "pk": 144,
    "model": "admin.logentry",
    "fields": {
        "action_flag": 2,
        "action_time": "2013-02-21T16:07:08.774Z",
        "object_repr": "Fatboy",
        "object_id": "1",
        "change_message": "description ge\u00e4ndert.",
        "user": 1,
        "content_type": 7
    }
}, {
    "pk": 145,
    "model": "admin.logentry",
    "fields": {
        "action_flag": 2,
        "action_time": "2013-02-21T16:07:48.398Z",
        "object_repr": "Fatboy",
        "object_id": "1",
        "change_message": "description ge\u00e4ndert.",
        "user": 1,
        "content_type": 7
    }
}, {
    "pk": 146,
    "model": "admin.logentry",
    "fields": {
        "action_flag": 2,
        "action_time": "2013-02-21T16:08:01.143Z",
        "object_repr": "Fatboy",
        "object_id": "1",
        "change_message": "description ge\u00e4ndert.",
        "user": 1,
        "content_type": 7
    }
}, {
    "pk": 147,
    "model": "admin.logentry",
    "fields": {
        "action_flag": 2,
        "action_time": "2013-02-21T16:12:04.001Z",
        "object_repr": "Fatboy",
        "object_id": "1",
        "change_message": "description ge\u00e4ndert.",
        "user": 1,
        "content_type": 7
    }
}, {
    "pk": 148,
    "model": "admin.logentry",
    "fields": {
        "action_flag": 2,
        "action_time": "2013-02-21T18:42:30.407Z",
        "object_repr": "Fatboy",
        "object_id": "1",
        "change_message": "time von band year \"HB Fatboy\" ge\u00e4ndert.",
        "user": 1,
        "content_type": 7
    }
}, {
    "pk": 149,
    "model": "admin.logentry",
    "fields": {
        "action_flag": 2,
        "action_time": "2013-02-21T18:42:46.423Z",
        "object_repr": "Fatboy",
        "object_id": "1",
        "change_message": "Keine Felder ge\u00e4ndert.",
        "user": 1,
        "content_type": 7
    }
}, {
    "pk": 150,
    "model": "admin.logentry",
    "fields": {
        "action_flag": 2,
        "action_time": "2013-02-21T18:56:45.273Z",
        "object_repr": "Alvin Zealot",
        "object_id": "3",
        "change_message": "time und year von band year \"HB Alvin Zealot\" ge\u00e4ndert.",
        "user": 1,
        "content_type": 7
    }
}, {
    "pk": 151,
    "model": "admin.logentry",
    "fields": {
        "action_flag": 2,
        "action_time": "2013-02-22T10:43:17.843Z",
        "object_repr": "Alvin Zealot",
        "object_id": "3",
        "change_message": "year von band year \"HB Alvin Zealot\" ge\u00e4ndert.",
        "user": 1,
        "content_type": 7
    }
}, {
    "pk": 152,
    "model": "admin.logentry",
    "fields": {
        "action_flag": 2,
        "action_time": "2013-02-25T11:34:15.252Z",
        "object_repr": "fdsasfsdf Coldeve ",
        "object_id": "1",
        "change_message": "Keine Felder ge\u00e4ndert.",
        "user": 1,
        "content_type": 12
    }
}, {
    "pk": 153,
    "model": "admin.logentry",
    "fields": {
        "action_flag": 2,
        "action_time": "2013-02-25T11:34:18.756Z",
        "object_repr": "sgdfsdfsfds Alvin Zealot ",
        "object_id": "2",
        "change_message": "Keine Felder ge\u00e4ndert.",
        "user": 1,
        "content_type": 12
    }
}, {
    "pk": 154,
    "model": "admin.logentry",
    "fields": {
        "action_flag": 2,
        "action_time": "2013-02-25T11:34:24.881Z",
        "object_repr": "gfdsdfg None ",
        "object_id": "3",
        "change_message": "year ge\u00e4ndert.",
        "user": 1,
        "content_type": 12
    }
}, {
    "pk": 155,
    "model": "admin.logentry",
    "fields": {
        "action_flag": 2,
        "action_time": "2013-02-25T11:34:29.530Z",
        "object_repr": "sfdg None ",
        "object_id": "4",
        "change_message": "year ge\u00e4ndert.",
        "user": 1,
        "content_type": 12
    }
}, {
    "pk": 156,
    "model": "admin.logentry",
    "fields": {
        "action_flag": 2,
        "action_time": "2013-02-25T11:34:36.138Z",
        "object_repr": "sdgfsdg None ",
        "object_id": "5",
        "change_message": "year ge\u00e4ndert.",
        "user": 1,
        "content_type": 12
    }
}, {
    "pk": 157,
    "model": "admin.logentry",
    "fields": {
        "action_flag": 2,
        "action_time": "2013-02-25T11:34:39.425Z",
        "object_repr": "sdgfsdg None ",
        "object_id": "5",
        "change_message": "Keine Felder ge\u00e4ndert.",
        "user": 1,
        "content_type": 12
    }
}, {
    "pk": 158,
    "model": "admin.logentry",
    "fields": {
        "action_flag": 2,
        "action_time": "2013-02-25T11:34:44.928Z",
        "object_repr": "asdfsadf None ",
        "object_id": "6",
        "change_message": "year ge\u00e4ndert.",
        "user": 1,
        "content_type": 12
    }
}, {
    "pk": 159,
    "model": "admin.logentry",
    "fields": {
        "action_flag": 2,
        "action_time": "2013-02-25T11:35:48.778Z",
        "object_repr": "asfdsf None ",
        "object_id": "8",
        "change_message": "year ge\u00e4ndert.",
        "user": 1,
        "content_type": 12
    }
}, {
    "pk": 160,
    "model": "admin.logentry",
    "fields": {
        "action_flag": 2,
        "action_time": "2013-02-25T11:35:58.095Z",
        "object_repr": "sfdg None ",
        "object_id": "4",
        "change_message": "year ge\u00e4ndert.",
        "user": 1,
        "content_type": 12
    }
}, {
    "pk": 161,
    "model": "admin.logentry",
    "fields": {
        "action_flag": 2,
        "action_time": "2013-02-25T11:39:30.757Z",
        "object_repr": "http://127.0.0.1:8000/",
        "object_id": "1",
        "change_message": "domain und name ge\u00e4ndert.",
        "user": 1,
        "content_type": 6
    }
}, {
    "pk": 162,
    "model": "admin.logentry",
    "fields": {
        "action_flag": 2,
        "action_time": "2013-02-25T16:26:37.379Z",
        "object_repr": "Alvin Zealot",
        "object_id": "3",
        "change_message": "year von band year \"HB Alvin Zealot\" ge\u00e4ndert.",
        "user": 1,
        "content_type": 7
    }
}, {
    "pk": 163,
    "model": "admin.logentry",
    "fields": {
        "action_flag": 2,
        "action_time": "2013-02-26T11:15:36.521Z",
        "object_repr": "Lo Fat Orchestra",
        "object_id": "5",
        "change_message": "Keine Felder ge\u00e4ndert.",
        "user": 1,
        "content_type": 7
    }
}, {
    "pk": 164,
    "model": "admin.logentry",
    "fields": {
        "action_flag": 2,
        "action_time": "2013-02-26T11:15:43.186Z",
        "object_repr": "Lo Fat Orchestra",
        "object_id": "5",
        "change_message": "time von band year \"ZB Lo Fat Orchestra\" ge\u00e4ndert.",
        "user": 1,
        "content_type": 7
    }
}, {
    "pk": 165,
    "model": "admin.logentry",
    "fields": {
        "action_flag": 1,
        "action_time": "2013-02-26T11:19:40.869Z",
        "object_repr": "Wir suchen noch Helfer Wir suchen noch Helfer Wir suchen noch Helfer Wir suchen noch Helfer Wir suchen noch Helfer Wir suchen noch Helfer Wir suchen noch Helfer Wir suchen noch Helfer Wir suchen noch ",
        "object_id": "1",
        "change_message": "",
        "user": 1,
        "content_type": 17
    }
}, {
    "pk": 166,
    "model": "admin.logentry",
    "fields": {
        "action_flag": 1,
        "action_time": "2013-02-26T14:35:12.671Z",
        "object_repr": "sdfsdf sdfsdfsd",
        "object_id": "2",
        "change_message": "",
        "user": 1,
        "content_type": 17
    }
}, {
    "pk": 167,
    "model": "admin.logentry",
    "fields": {
        "action_flag": 3,
        "action_time": "2013-02-26T14:35:38.477Z",
        "object_repr": "sdfsdf sdfsdfsd",
        "object_id": "2",
        "change_message": "",
        "user": 1,
        "content_type": 17
    }
}, {
    "pk": 168,
    "model": "admin.logentry",
    "fields": {
        "action_flag": 2,
        "action_time": "2013-02-26T14:46:59.399Z",
        "object_repr": "WIR SUCHEN NOCH HELFER Wir suchen noch Helfer Wir suchen noch Helfer Wir suchen noch Helfer Wir suchen noch Helfer Wir suchen noch Helfer Wir suchen noch Helfer Wir suchen noch Helfer Wir suchen noch ",
        "object_id": "1",
        "change_message": "name ge\u00e4ndert.",
        "user": 1,
        "content_type": 17
    }
}, {
    "pk": 169,
    "model": "admin.logentry",
    "fields": {
        "action_flag": 2,
        "action_time": "2013-02-26T16:16:15.562Z",
        "object_repr": "Kleine Schwester",
        "object_id": "3",
        "change_message": "name ge\u00e4ndert.",
        "user": 1,
        "content_type": 14
    }
}, {
    "pk": 170,
    "model": "admin.logentry",
    "fields": {
        "action_flag": 2,
        "action_time": "2013-02-26T16:16:26.131Z",
        "object_repr": "Grosser Bruder",
        "object_id": "1",
        "change_message": "name ge\u00e4ndert.",
        "user": 1,
        "content_type": 14
    }
}, {
    "pk": 171,
    "model": "admin.logentry",
    "fields": {
        "action_flag": 3,
        "action_time": "2013-02-26T16:16:31.412Z",
        "object_repr": "Gold",
        "object_id": "2",
        "change_message": "",
        "user": 1,
        "content_type": 14
    }
}, {
    "pk": 172,
    "model": "admin.logentry",
    "fields": {
        "action_flag": 2,
        "action_time": "2013-02-26T16:17:38.802Z",
        "object_repr": "Stadt Z\u00fcrich http://www.stadt-zuerich.ch/sd/de/index.html",
        "object_id": "1",
        "change_message": "category von sponsor category year \"2013 Kleine Schwester\" ge\u00e4ndert.",
        "user": 1,
        "content_type": 13
    }
}, {
    "pk": 173,
    "model": "admin.logentry",
    "fields": {
        "action_flag": 2,
        "action_time": "2013-02-26T16:17:46.195Z",
        "object_repr": "Mascotte http://www.mascotte.ch/",
        "object_id": "3",
        "change_message": "category von sponsor category year \"2013 Kleine Schwester\" ge\u00e4ndert.",
        "user": 1,
        "content_type": 13
    }
}, {
    "pk": 174,
    "model": "admin.logentry",
    "fields": {
        "action_flag": 2,
        "action_time": "2013-02-26T16:17:55.738Z",
        "object_repr": "RIFFRAFF http://www.riffraff.ch/",
        "object_id": "5",
        "change_message": "category von sponsor category year \"2013 Kleine Schwester\" ge\u00e4ndert.",
        "user": 1,
        "content_type": 13
    }
}, {
    "pk": 175,
    "model": "admin.logentry",
    "fields": {
        "action_flag": 2,
        "action_time": "2013-02-27T13:38:45.902Z",
        "object_repr": "RIFFRAFF http://www.riffraff.ch/",
        "object_id": "5",
        "change_message": "year von sponsor category year \"2012 Kleine Schwester\" ge\u00e4ndert.",
        "user": 1,
        "content_type": 13
    }
}, {
    "pk": 176,
    "model": "admin.logentry",
    "fields": {
        "action_flag": 2,
        "action_time": "2013-02-27T13:38:59.922Z",
        "object_repr": "ZKB http://www.zkb.ch/",
        "object_id": "7",
        "change_message": "year von sponsor category year \"2012 Grosser Bruder\" ge\u00e4ndert.",
        "user": 1,
        "content_type": 13
    }
}, {
    "pk": 177,
    "model": "admin.logentry",
    "fields": {
        "action_flag": 2,
        "action_time": "2013-02-27T16:12:16.530Z",
        "object_repr": "RIFFRAFF http://www.riffraff.ch/",
        "object_id": "5",
        "change_message": "year von sponsor category year \"2013 Kleine Schwester\" ge\u00e4ndert.",
        "user": 1,
        "content_type": 13
    }
}, {
    "pk": 178,
    "model": "admin.logentry",
    "fields": {
        "action_flag": 2,
        "action_time": "2013-02-27T16:14:05.318Z",
        "object_repr": "RIFFRAFF http://www.riffraff.ch/",
        "object_id": "5",
        "change_message": "year von sponsor category year \"2012 Kleine Schwester\" ge\u00e4ndert.",
        "user": 1,
        "content_type": 13
    }
}, {
    "pk": 179,
    "model": "admin.logentry",
    "fields": {
        "action_flag": 2,
        "action_time": "2013-02-27T16:36:13.470Z",
        "object_repr": "Stadt Z\u00fcrich http://www.stadt-zuerich.ch/sd/de/index.html",
        "object_id": "1",
        "change_message": "category von sponsor category year \"2013 Grosser Bruder\" ge\u00e4ndert.",
        "user": 1,
        "content_type": 13
    }
}, {
    "pk": 180,
    "model": "admin.logentry",
    "fields": {
        "action_flag": 2,
        "action_time": "2013-02-27T16:36:29.550Z",
        "object_repr": "Mascotte http://www.mascotte.ch/",
        "object_id": "3",
        "change_message": "category von sponsor category year \"2013 Grosser Bruder\" ge\u00e4ndert.",
        "user": 1,
        "content_type": 13
    }
}, {
    "pk": 181,
    "model": "admin.logentry",
    "fields": {
        "action_flag": 2,
        "action_time": "2013-02-27T16:36:38.422Z",
        "object_repr": "ZKB http://www.zkb.ch/",
        "object_id": "7",
        "change_message": "year von sponsor category year \"2013 Grosser Bruder\" ge\u00e4ndert.",
        "user": 1,
        "content_type": 13
    }
}, {
    "pk": 182,
    "model": "admin.logentry",
    "fields": {
        "action_flag": 2,
        "action_time": "2013-02-27T16:36:44.425Z",
        "object_repr": "RIFFRAFF http://www.riffraff.ch/",
        "object_id": "5",
        "change_message": "year von sponsor category year \"2013 Kleine Schwester\" ge\u00e4ndert.",
        "user": 1,
        "content_type": 13
    }
}, {
    "pk": 183,
    "model": "admin.logentry",
    "fields": {
        "action_flag": 2,
        "action_time": "2013-02-27T17:47:45.850Z",
        "object_repr": "WIR SUCHEN NOCH HELFER Wir suchen noch Helfer Wir suchen noch Helfer Wir suchen noch Helfer Wir suchen noch Helfer Wir suchen noch Helfer Wir suchen noch Helfer Wir suchen noch Helfer Wir suchen noch ",
        "object_id": "1",
        "change_message": "description ge\u00e4ndert.",
        "user": 1,
        "content_type": 17
    }
}, {
    "pk": 184,
    "model": "admin.logentry",
    "fields": {
        "action_flag": 2,
        "action_time": "2013-02-27T17:50:16.584Z",
        "object_repr": "WIR SUCHEN NOCH HELFER Wir suchen noch Helfer Wir suchen noch Helfer Wir suchen noch Helfer Wir suchen noch Helfer Wir suchen noch Helfer Wir suchen noch Helfer Wir suchen noch Helfer Wir suchen noch ",
        "object_id": "1",
        "change_message": "description ge\u00e4ndert.",
        "user": 1,
        "content_type": 17
    }
}, {
    "pk": 185,
    "model": "admin.logentry",
    "fields": {
        "action_flag": 2,
        "action_time": "2013-02-27T17:50:16.863Z",
        "object_repr": "WIR SUCHEN NOCH HELFER Wir suchen noch Helfer Wir suchen noch Helfer Wir suchen noch Helfer Wir suchen noch Helfer Wir suchen noch Helfer Wir suchen noch Helfer Wir suchen noch Helfer Wir suchen noch ",
        "object_id": "1",
        "change_message": "Keine Felder ge\u00e4ndert.",
        "user": 1,
        "content_type": 17
    }
}, {
    "pk": 186,
    "model": "admin.logentry",
    "fields": {
        "action_flag": 2,
        "action_time": "2013-02-27T17:50:44.333Z",
        "object_repr": "WIR SUCHEN NOCH HELFER Wir suchen noch Helfer Wir suchen noch Helfer Wir suchen noch Helfer Wir suchen noch Helfer Wir suchen noch Helfer Wir suchen noch Helfer Wir suchen noch Helfer Wir suchen noch ",
        "object_id": "1",
        "change_message": "description ge\u00e4ndert.",
        "user": 1,
        "content_type": 17
    }
}, {
    "pk": 187,
    "model": "admin.logentry",
    "fields": {
        "action_flag": 2,
        "action_time": "2013-02-27T18:46:28.291Z",
        "object_repr": "KLEINE SCHWESTER",
        "object_id": "3",
        "change_message": "name ge\u00e4ndert.",
        "user": 1,
        "content_type": 14
    }
}, {
    "pk": 188,
    "model": "admin.logentry",
    "fields": {
        "action_flag": 2,
        "action_time": "2013-02-27T18:46:34.930Z",
        "object_repr": "GROSSER BRUDER",
        "object_id": "1",
        "change_message": "name ge\u00e4ndert.",
        "user": 1,
        "content_type": 14
    }
}, {
    "pk": 189,
    "model": "admin.logentry",
    "fields": {
        "action_flag": 2,
        "action_time": "2013-02-27T18:58:17.266Z",
        "object_repr": "WIR SUCHEN NOCH HELFER Wir suchen noch Helfer Wir suchen noch Helfer Wir suchen noch Helfer Wir suchen noch Helfer Wir suchen noch Helfer Wir suchen noch Helfer Wir suchen noch Helfer Wir suchen noch ",
        "object_id": "1",
        "change_message": "description ge\u00e4ndert.",
        "user": 1,
        "content_type": 17
    }
}, {
    "pk": 190,
    "model": "admin.logentry",
    "fields": {
        "action_flag": 2,
        "action_time": "2013-02-27T18:59:40.386Z",
        "object_repr": "WIR SUCHEN NOCH HELFER Wir suchen noch Helfer Wir suchen noch Helfer Wir suchen noch Helfer Wir suchen noch Helfer Wir suchen noch Helfer Wir suchen noch Helfer Wir suchen noch Helfer Wir suchen noch ",
        "object_id": "1",
        "change_message": "description ge\u00e4ndert.",
        "user": 1,
        "content_type": 17
    }
}, {
    "pk": 191,
    "model": "admin.logentry",
    "fields": {
        "action_flag": 2,
        "action_time": "2013-02-28T09:54:28.385Z",
        "object_repr": "WIR SUCHEN NOCH HELFER Wir suchen noch Helfer Wir suchen noch Helfer Wir suchen noch Helfer Wir suchen noch Helfer Wir suchen noch Helfer Wir suchen noch Helfer Wir suchen noch Helfer Wir suchen noch ",
        "object_id": "1",
        "change_message": "image ge\u00e4ndert.",
        "user": 1,
        "content_type": 17
    }
}, {
    "pk": 192,
    "model": "admin.logentry",
    "fields": {
        "action_flag": 2,
        "action_time": "2013-02-28T09:57:28.601Z",
        "object_repr": "WIR SUCHEN NOCH HELFER Wir suchen noch Helfer Wir suchen noch Helfer Wir suchen noch Helfer Wir suchen noch Helfer Wir suchen noch Helfer Wir suchen noch Helfer Wir suchen noch Helfer Wir suchen noch ",
        "object_id": "1",
        "change_message": "description ge\u00e4ndert.",
        "user": 1,
        "content_type": 17
    }
}, {
    "pk": 193,
    "model": "admin.logentry",
    "fields": {
        "action_flag": 3,
        "action_time": "2013-03-05T14:19:51.932Z",
        "object_repr": "YearCover 2007 None ",
        "object_id": "14",
        "change_message": "",
        "user": 1,
        "content_type": 12
    }
}, {
    "pk": 194,
    "model": "admin.logentry",
    "fields": {
        "action_flag": 1,
        "action_time": "2013-03-05T15:20:35.416Z",
        "object_repr": "YearCover 2007 None ",
        "object_id": "14",
        "change_message": "",
        "user": 1,
        "content_type": 12
    }
}, {
    "pk": 195,
    "model": "admin.logentry",
    "fields": {
        "action_flag": 3,
        "action_time": "2013-03-06T10:27:39.510Z",
        "object_repr": "YearCover 2007 None ",
        "object_id": "14",
        "change_message": "",
        "user": 1,
        "content_type": 12
    }
}, {
    "pk": 196,
    "model": "admin.logentry",
    "fields": {
        "action_flag": 3,
        "action_time": "2013-03-06T10:27:39.650Z",
        "object_repr": "YearCover 2008 None ",
        "object_id": "13",
        "change_message": "",
        "user": 1,
        "content_type": 12
    }
}, {
    "pk": 197,
    "model": "admin.logentry",
    "fields": {
        "action_flag": 3,
        "action_time": "2013-03-06T10:27:39.740Z",
        "object_repr": "YearCover 2009 None ",
        "object_id": "12",
        "change_message": "",
        "user": 1,
        "content_type": 12
    }
}, {
    "pk": 198,
    "model": "admin.logentry",
    "fields": {
        "action_flag": 3,
        "action_time": "2013-03-06T10:27:39.843Z",
        "object_repr": "YearCover 2010 None ",
        "object_id": "11",
        "change_message": "",
        "user": 1,
        "content_type": 12
    }
}, {
    "pk": 199,
    "model": "admin.logentry",
    "fields": {
        "action_flag": 1,
        "action_time": "2013-03-06T10:28:14.616Z",
        "object_repr": "YearCover 2012 None ",
        "object_id": "9",
        "change_message": "",
        "user": 1,
        "content_type": 12
    }
}, {
    "pk": 200,
    "model": "admin.logentry",
    "fields": {
        "action_flag": 1,
        "action_time": "2013-03-06T10:28:41.501Z",
        "object_repr": "YearCover 2011 None ",
        "object_id": "10",
        "change_message": "",
        "user": 1,
        "content_type": 12
    }
}, {
    "pk": 201,
    "model": "admin.logentry",
    "fields": {
        "action_flag": 1,
        "action_time": "2013-03-06T10:29:02.813Z",
        "object_repr": "YearCover 2010 None ",
        "object_id": "11",
        "change_message": "",
        "user": 1,
        "content_type": 12
    }
}, {
    "pk": 202,
    "model": "admin.logentry",
    "fields": {
        "action_flag": 1,
        "action_time": "2013-03-06T10:29:27.028Z",
        "object_repr": "YearCover 2009 None ",
        "object_id": "12",
        "change_message": "",
        "user": 1,
        "content_type": 12
    }
}, {
    "pk": 203,
    "model": "admin.logentry",
    "fields": {
        "action_flag": 1,
        "action_time": "2013-03-06T10:29:45.263Z",
        "object_repr": "YearCover 2008 None ",
        "object_id": "13",
        "change_message": "",
        "user": 1,
        "content_type": 12
    }
}, {
    "pk": 204,
    "model": "admin.logentry",
    "fields": {
        "action_flag": 1,
        "action_time": "2013-03-06T10:30:02.427Z",
        "object_repr": "YearCover 2007 None ",
        "object_id": "14",
        "change_message": "",
        "user": 1,
        "content_type": 12
    }
}, {
    "pk": 205,
    "model": "admin.logentry",
    "fields": {
        "action_flag": 2,
        "action_time": "2013-03-06T14:57:27.604Z",
        "object_repr": "asfdsf None ",
        "object_id": "8",
        "change_message": "is_yearcover ge\u00e4ndert.",
        "user": 1,
        "content_type": 12
    }
}, {
    "pk": 206,
    "model": "admin.logentry",
    "fields": {
        "action_flag": 2,
        "action_time": "2013-03-06T14:57:51.637Z",
        "object_repr": "asfdsf None ",
        "object_id": "8",
        "change_message": "is_yearcover ge\u00e4ndert.",
        "user": 1,
        "content_type": 12
    }
}, {
    "pk": 207,
    "model": "admin.logentry",
    "fields": {
        "action_flag": 2,
        "action_time": "2013-03-06T15:02:19.371Z",
        "object_repr": "YearCover 2007 None ",
        "object_id": "14",
        "change_message": "is_yearcover ge\u00e4ndert.",
        "user": 1,
        "content_type": 12
    }
}, {
    "pk": 208,
    "model": "admin.logentry",
    "fields": {
        "action_flag": 2,
        "action_time": "2013-03-06T15:08:49.192Z",
        "object_repr": "asfdsf None ",
        "object_id": "8",
        "change_message": "is_yearcover ge\u00e4ndert.",
        "user": 1,
        "content_type": 12
    }
}, {
    "pk": 209,
    "model": "admin.logentry",
    "fields": {
        "action_flag": 2,
        "action_time": "2013-03-06T15:15:10.027Z",
        "object_repr": "YearCover 2007 None ",
        "object_id": "14",
        "change_message": "is_yearcover ge\u00e4ndert.",
        "user": 1,
        "content_type": 12
    }
}, {
    "pk": 210,
    "model": "admin.logentry",
    "fields": {
        "action_flag": 2,
        "action_time": "2013-03-06T15:15:26.250Z",
        "object_repr": "asfdsf None ",
        "object_id": "8",
        "change_message": "is_yearcover ge\u00e4ndert.",
        "user": 1,
        "content_type": 12
    }
}, {
    "pk": 211,
    "model": "admin.logentry",
    "fields": {
        "action_flag": 2,
        "action_time": "2013-03-06T15:15:34.954Z",
        "object_repr": "YearCover 2007 None ",
        "object_id": "14",
        "change_message": "is_yearcover ge\u00e4ndert.",
        "user": 1,
        "content_type": 12
    }
}, {
    "pk": 212,
    "model": "admin.logentry",
    "fields": {
        "action_flag": 1,
        "action_time": "2013-03-06T15:15:45.020Z",
        "object_repr": "2006",
        "object_id": "8",
        "change_message": "",
        "user": 1,
        "content_type": 9
    }
}, {
    "pk": 213,
    "model": "admin.logentry",
    "fields": {
        "action_flag": 2,
        "action_time": "2013-03-06T15:15:48.413Z",
        "object_repr": "asfdsf None ",
        "object_id": "8",
        "change_message": "year und is_yearcover ge\u00e4ndert.",
        "user": 1,
        "content_type": 12
    }
}, {
    "pk": 214,
    "model": "admin.logentry",
    "fields": {
        "action_flag": 2,
        "action_time": "2013-03-06T16:42:25.532Z",
        "object_repr": "asfdsf None ",
        "object_id": "8",
        "change_message": "is_yearcover ge\u00e4ndert.",
        "user": 1,
        "content_type": 12
    }
}, {
    "pk": 215,
    "model": "admin.logentry",
    "fields": {
        "action_flag": 2,
        "action_time": "2013-03-06T16:47:32.239Z",
        "object_repr": "asfdsf None ",
        "object_id": "8",
        "change_message": "is_yearcover ge\u00e4ndert.",
        "user": 1,
        "content_type": 12
    }
}, {
    "pk": 216,
    "model": "admin.logentry",
    "fields": {
        "action_flag": 2,
        "action_time": "2013-03-06T16:48:07.380Z",
        "object_repr": "asfdsf None ",
        "object_id": "8",
        "change_message": "is_yearcover ge\u00e4ndert.",
        "user": 1,
        "content_type": 12
    }
}, {
    "pk": 217,
    "model": "admin.logentry",
    "fields": {
        "action_flag": 2,
        "action_time": "2013-03-06T16:48:29.549Z",
        "object_repr": "asfdsf None ",
        "object_id": "8",
        "change_message": "is_yearcover ge\u00e4ndert.",
        "user": 1,
        "content_type": 12
    }
}, {
    "pk": 218,
    "model": "admin.logentry",
    "fields": {
        "action_flag": 2,
        "action_time": "2013-03-06T16:49:31.284Z",
        "object_repr": "asfdsf None ",
        "object_id": "8",
        "change_message": "is_yearcover ge\u00e4ndert.",
        "user": 1,
        "content_type": 12
    }
}, {
    "pk": 219,
    "model": "admin.logentry",
    "fields": {
        "action_flag": 2,
        "action_time": "2013-03-06T16:51:11.771Z",
        "object_repr": "asfdsf None ",
        "object_id": "8",
        "change_message": "is_yearcover ge\u00e4ndert.",
        "user": 1,
        "content_type": 12
    }
}, {
    "pk": 220,
    "model": "admin.logentry",
    "fields": {
        "action_flag": 2,
        "action_time": "2013-03-06T17:34:34.676Z",
        "object_repr": "asfdsf None ",
        "object_id": "8",
        "change_message": "Keine Felder ge\u00e4ndert.",
        "user": 1,
        "content_type": 12
    }
}, {
    "pk": 221,
    "model": "admin.logentry",
    "fields": {
        "action_flag": 2,
        "action_time": "2013-03-07T12:07:04.053Z",
        "object_repr": "asfdsf None ",
        "object_id": "8",
        "change_message": "is_yearcover ge\u00e4ndert.",
        "user": 1,
        "content_type": 12
    }
}, {
    "pk": 222,
    "model": "admin.logentry",
    "fields": {
        "action_flag": 2,
        "action_time": "2013-03-07T12:07:59.955Z",
        "object_repr": "asfdsf None ",
        "object_id": "8",
        "change_message": "is_yearcover ge\u00e4ndert.",
        "user": 1,
        "content_type": 12
    }
}, {
    "pk": 223,
    "model": "admin.logentry",
    "fields": {
        "action_flag": 2,
        "action_time": "2013-03-07T16:28:43.654Z",
        "object_repr": "asfdsf None ",
        "object_id": "8",
        "change_message": "is_yearcover ge\u00e4ndert.",
        "user": 1,
        "content_type": 12
    }
}, {
    "pk": 224,
    "model": "admin.logentry",
    "fields": {
        "action_flag": 2,
        "action_time": "2013-03-07T16:31:44.549Z",
        "object_repr": "asfdsf None ",
        "object_id": "8",
        "change_message": "is_yearcover ge\u00e4ndert.",
        "user": 1,
        "content_type": 12
    }
}, {
    "pk": 225,
    "model": "admin.logentry",
    "fields": {
        "action_flag": 2,
        "action_time": "2013-03-08T10:27:34.465Z",
        "object_repr": "asfdsf None ",
        "object_id": "8",
        "change_message": "is_yearcover ge\u00e4ndert.",
        "user": 1,
        "content_type": 12
    }
}, {
    "pk": 226,
    "model": "admin.logentry",
    "fields": {
        "action_flag": 2,
        "action_time": "2013-03-08T11:54:39.990Z",
        "object_repr": "asfdsf None ",
        "object_id": "8",
        "change_message": "is_yearcover ge\u00e4ndert.",
        "user": 1,
        "content_type": 12
    }
}, {
    "pk": 227,
    "model": "admin.logentry",
    "fields": {
        "action_flag": 1,
        "action_time": "2013-03-08T12:22:13.311Z",
        "object_repr": "2005",
        "object_id": "9",
        "change_message": "",
        "user": 1,
        "content_type": 9
    }
}, {
    "pk": 228,
    "model": "admin.logentry",
    "fields": {
        "action_flag": 2,
        "action_time": "2013-03-08T12:22:16.006Z",
        "object_repr": "sdgfsdg None ",
        "object_id": "5",
        "change_message": "year und is_yearcover ge\u00e4ndert.",
        "user": 1,
        "content_type": 12
    }
}, {
    "pk": 229,
    "model": "admin.logentry",
    "fields": {
        "action_flag": 2,
        "action_time": "2013-03-08T12:22:40.553Z",
        "object_repr": "sdgfsdg None ",
        "object_id": "5",
        "change_message": "is_yearcover ge\u00e4ndert.",
        "user": 1,
        "content_type": 12
    }
}, {
    "pk": 230,
    "model": "admin.logentry",
    "fields": {
        "action_flag": 2,
        "action_time": "2013-03-08T12:22:44.018Z",
        "object_repr": "asfdsf None ",
        "object_id": "8",
        "change_message": "is_yearcover ge\u00e4ndert.",
        "user": 1,
        "content_type": 12
    }
}, {
    "pk": 231,
    "model": "admin.logentry",
    "fields": {
        "action_flag": 2,
        "action_time": "2013-03-08T12:26:02.938Z",
        "object_repr": "asfdsf None ",
        "object_id": "8",
        "change_message": "is_yearcover ge\u00e4ndert.",
        "user": 1,
        "content_type": 12
    }
}, {
    "pk": 232,
    "model": "admin.logentry",
    "fields": {
        "action_flag": 2,
        "action_time": "2013-03-08T12:41:38.509Z",
        "object_repr": "asfdsf None ",
        "object_id": "8",
        "change_message": "is_yearcover ge\u00e4ndert.",
        "user": 1,
        "content_type": 12
    }
}, {
    "pk": 233,
    "model": "admin.logentry",
    "fields": {
        "action_flag": 2,
        "action_time": "2013-03-08T12:41:46.804Z",
        "object_repr": "asfdsf None ",
        "object_id": "8",
        "change_message": "is_yearcover ge\u00e4ndert.",
        "user": 1,
        "content_type": 12
    }
}, {
    "pk": 234,
    "model": "admin.logentry",
    "fields": {
        "action_flag": 2,
        "action_time": "2013-03-08T14:17:28.750Z",
        "object_repr": "RIFFRAFF http://www.riffraff.ch/",
        "object_id": "5",
        "change_message": "category von sponsor category year \"2013 GROSSER BRUDER\" ge\u00e4ndert.",
        "user": 1,
        "content_type": 13
    }
}]